,robustness,r10,r90,output,stage,sector_hazard,cc_scenario,fa_p,da_p,fu_p,ds_p
0,171.2581818181818,94.18818181818182,229.57,DamAgr_f_tot,2,multihaz_agr,D,2,999,999,999
1,71.64727272727272,53.90454545454545,84.77727272727273,DamAgr_d_tot,2,multihaz_agr,D,2,999,999,999
2,92.74363636363637,0.84,116.44000000000001,invest_f_a,2,multihaz_agr,D,2,999,999,999
3,21.936363636363637,17.255454545454548,25.519090909090906,invest_d_a,2,multihaz_agr,D,2,999,999,999
4,883.0090909090909,858.1345454545454,899.218181818182,revenue_agr,2,multihaz_agr,D,2,999,999,999
5,2.3909090909090907,2.090909090909091,2.6363636363636362,pathways_list_d_a,2,multihaz_agr,D,2,999,999,999
6,1.8,1.0,2.0,pathways_list_f_a,2,multihaz_agr,D,2,999,999,999
7,167.79999999999998,95.96727272727271,230.61272727272728,DamAgr_f_tot,2,multihaz_agr,D,10,999,999,999
8,77.70818181818183,64.13818181818182,86.45272727272727,DamAgr_d_tot,2,multihaz_agr,D,10,999,999,999
9,290.70363636363635,54.76,395.23999999999995,invest_f_a,2,multihaz_agr,D,10,999,999,999
10,24.80363636363636,20.098181818181818,27.333636363636366,invest_d_a,2,multihaz_agr,D,10,999,999,999
11,877.2927272727273,857.8554545454546,891.8690909090909,revenue_agr,2,multihaz_agr,D,10,999,999,999
12,2.5363636363636366,2.3636363636363638,2.6363636363636362,pathways_list_d_a,2,multihaz_agr,D,10,999,999,999
13,1.8,1.0,2.0,pathways_list_f_a,2,multihaz_agr,D,10,999,999,999
14,85.40727272727273,31.799090909090907,118.23818181818183,DamAgr_f_tot,2,multihaz_agr,D,5,999,999,999
15,77.5918181818182,64.12818181818182,86.76363636363637,DamAgr_d_tot,2,multihaz_agr,D,5,999,999,999
16,140.40000000000003,112.0,254.0,invest_f_a,2,multihaz_agr,D,5,999,999,999
17,24.918181818181814,20.098181818181818,27.464545454545455,invest_d_a,2,multihaz_agr,D,5,999,999,999
18,885.1518181818182,864.5281818181818,897.6936363636363,revenue_agr,2,multihaz_agr,D,5,999,999,999
19,2.5454545454545454,2.3636363636363638,2.6363636363636362,pathways_list_d_a,2,multihaz_agr,D,5,999,999,999
20,1.1999999999999997,1.0,2.0,pathways_list_f_a,2,multihaz_agr,D,5,999,999,999
21,195.75636363636366,109.31545454545454,246.85181818181817,DamAgr_f_tot,2,multihaz_agr,D,11,999,999,999
22,71.64727272727272,53.874545454545455,84.77727272727275,DamAgr_d_tot,2,multihaz_agr,D,11,999,999,999
23,108.99545454545454,0.84,197.42,invest_f_a,2,multihaz_agr,D,11,999,999,999
24,21.936363636363634,17.255454545454544,25.519090909090913,invest_d_a,2,multihaz_agr,D,11,999,999,999
25,877.0836363636364,847.0272727272728,894.5899999999998,revenue_agr,2,multihaz_agr,D,11,999,999,999
26,2.3909090909090907,2.090909090909091,2.6363636363636362,pathways_list_d_a,2,multihaz_agr,D,11,999,999,999
27,1.8999999999999995,1.0,2.0,pathways_list_f_a,2,multihaz_agr,D,11,999,999,999
28,196.01636363636362,109.52545454545454,247.12181818181818,DamAgr_f_tot,2,multihaz_agr,D,9,999,999,999
29,75.9718181818182,57.31909090909091,85.45181818181818,DamAgr_d_tot,2,multihaz_agr,D,9,999,999,999
30,202.10454545454547,54.76,284.15000000000003,invest_f_a,2,multihaz_agr,D,9,999,999,999
31,24.39363636363636,19.62,27.19545454545454,invest_d_a,2,multihaz_agr,D,9,999,999,999
32,852.3372727272728,824.9081818181818,868.838181818182,revenue_agr,2,multihaz_agr,D,9,999,999,999
33,2.5090909090909093,2.272727272727273,2.6363636363636362,pathways_list_d_a,2,multihaz_agr,D,9,999,999,999
34,1.936363636363636,1.0,2.3636363636363638,pathways_list_f_a,2,multihaz_agr,D,9,999,999,999
35,185.2618181818182,102.65636363636362,232.5090909090909,DamAgr_f_tot,2,multihaz_agr,D,3,999,999,999
36,73.34000000000002,55.03727272727272,86.03545454545454,DamAgr_d_tot,2,multihaz_agr,D,3,999,999,999
37,13.72181818181818,0.37000000000000005,4.04,invest_f_a,2,multihaz_agr,D,3,999,999,999
38,23.60090909090909,18.075454545454548,26.94727272727273,invest_d_a,2,multihaz_agr,D,3,999,999,999
39,835.2136363636363,799.7663636363636,862.5436363636363,revenue_agr,2,multihaz_agr,D,3,999,999,999
40,2.481818181818182,2.1818181818181817,2.6363636363636362,pathways_list_d_a,2,multihaz_agr,D,3,999,999,999
41,1.8,1.0,2.0,pathways_list_f_a,2,multihaz_agr,D,3,999,999,999
42,168.2090909090909,90.33818181818182,219.05545454545455,DamAgr_f_tot,2,multihaz_agr,D,4,999,999,999
43,77.7990909090909,64.05090909090909,86.63909090909091,DamAgr_d_tot,2,multihaz_agr,D,4,999,999,999
44,79.64181818181818,0.37000000000000005,113.73,invest_f_a,2,multihaz_agr,D,4,999,999,999
45,24.67,20.098181818181818,27.16,invest_d_a,2,multihaz_agr,D,4,999,999,999
46,832.4454545454545,795.4863636363636,858.7772727272728,revenue_agr,2,multihaz_agr,D,4,999,999,999
47,2.5272727272727273,2.3636363636363638,2.6363636363636362,pathways_list_d_a,2,multihaz_agr,D,4,999,999,999
48,1.7,1.0,2.0,pathways_list_f_a,2,multihaz_agr,D,4,999,999,999
49,191.05454545454543,106.53727272727274,241.1681818181818,DamAgr_f_tot,2,multihaz_agr,D,1,999,999,999
50,71.58909090909091,53.844545454545454,84.76272727272726,DamAgr_d_tot,2,multihaz_agr,D,1,999,999,999
51,15.005454545454546,0.84,5.71,invest_f_a,2,multihaz_agr,D,1,999,999,999
52,21.936363636363634,17.255454545454544,25.519090909090906,invest_d_a,2,multihaz_agr,D,1,999,999,999
53,857.6500000000001,827.2763636363637,879.449090909091,revenue_agr,2,multihaz_agr,D,1,999,999,999
54,2.3909090909090907,2.090909090909091,2.6363636363636362,pathways_list_d_a,2,multihaz_agr,D,1,999,999,999
55,1.8999999999999995,1.0,2.0,pathways_list_f_a,2,multihaz_agr,D,1,999,999,999
56,82.13,31.799090909090907,118.23818181818181,DamAgr_f_tot,2,multihaz_agr,D,7,999,999,999
57,76.9309090909091,55.09909090909091,87.15454545454544,DamAgr_d_tot,2,multihaz_agr,D,7,999,999,999
58,142.28,142.0,142.0,invest_f_a,2,multihaz_agr,D,7,999,999,999
59,24.5,19.849999999999998,27.145454545454548,invest_d_a,2,multihaz_agr,D,7,999,999,999
60,886.1345454545456,866.5681818181819,899.3236363636363,revenue_agr,2,multihaz_agr,D,7,999,999,999
61,2.5272727272727273,2.3636363636363638,2.6363636363636362,pathways_list_d_a,2,multihaz_agr,D,7,999,999,999
62,1.0999999999999999,1.0,1.0,pathways_list_f_a,2,multihaz_agr,D,7,999,999,999
63,200.36454545454546,112.40181818181819,252.76727272727268,DamAgr_f_tot,2,multihaz_agr,D,0,999,999,999
64,77.72636363636364,64.14363636363636,86.46181818181819,DamAgr_d_tot,2,multihaz_agr,D,0,999,999,999
65,0.0,0.0,0.0,invest_f_a,2,multihaz_agr,D,0,999,999,999
66,24.803636363636368,20.098181818181818,27.33363636363637,invest_d_a,2,multihaz_agr,D,0,999,999,999
67,874.0563636363637,851.8963636363637,887.1636363636364,revenue_agr,2,multihaz_agr,D,0,999,999,999
68,2.5363636363636366,2.3636363636363638,2.6363636363636362,pathways_list_d_a,2,multihaz_agr,D,0,999,999,999
69,0.0,0.0,0.0,pathways_list_f_a,2,multihaz_agr,D,0,999,999,999
70,82.13000000000001,31.799090909090907,118.23818181818183,DamAgr_f_tot,2,multihaz_agr,D,8,999,999,999
71,77.97909090909091,64.11272727272727,87.15454545454546,DamAgr_d_tot,2,multihaz_agr,D,8,999,999,999
72,142.11000000000004,142.0,142.0,invest_f_a,2,multihaz_agr,D,8,999,999,999
73,24.664545454545454,20.098181818181818,27.16,invest_d_a,2,multihaz_agr,D,8,999,999,999
74,881.2027272727272,848.9836363636364,897.53,revenue_agr,2,multihaz_agr,D,8,999,999,999
75,2.5272727272727273,2.3636363636363638,2.6363636363636362,pathways_list_d_a,2,multihaz_agr,D,8,999,999,999
76,1.0999999999999999,1.0,1.0,pathways_list_f_a,2,multihaz_agr,D,8,999,999,999
77,88.05909090909091,31.799090909090907,126.7009090909091,DamAgr_f_tot,2,multihaz_agr,D,6,999,999,999
78,75.59909090909092,55.1109090909091,86.81818181818181,DamAgr_d_tot,2,multihaz_agr,D,6,999,999,999
79,112.5,112.0,114.27,invest_f_a,2,multihaz_agr,D,6,999,999,999
80,24.65727272727273,19.717272727272725,27.449999999999992,invest_d_a,2,multihaz_agr,D,6,999,999,999
81,886.8681818181819,866.9054545454545,904.3181818181819,revenue_agr,2,multihaz_agr,D,6,999,999,999
82,2.5454545454545454,2.3636363636363638,2.6363636363636362,pathways_list_d_a,2,multihaz_agr,D,6,999,999,999
83,1.1999999999999997,1.0,2.0,pathways_list_f_a,2,multihaz_agr,D,6,999,999,999
84,151.20833333333334,79.82,197.68249999999998,DamAgr_f_tot,2,multihaz_agr,D,999,9,999,999
85,93.04333333333334,69.67666666666666,106.89166666666667,DamAgr_d_tot,2,multihaz_agr,D,999,9,999,999
86,111.68416666666668,51.73166666666666,147.41666666666666,invest_f_a,2,multihaz_agr,D,999,9,999,999
87,31.537499999999994,22.554166666666664,35.10666666666666,invest_d_a,2,multihaz_agr,D,999,9,999,999
88,851.4483333333333,823.1016666666665,870.9375,revenue_agr,2,multihaz_agr,D,999,9,999,999
89,3.9249999999999994,3.5833333333333335,4.0,pathways_list_d_a,2,multihaz_agr,D,999,9,999,999
90,1.458333333333333,0.9166666666666666,1.75,pathways_list_f_a,2,multihaz_agr,D,999,9,999,999
91,151.95499999999998,80.63499999999999,200.80583333333334,DamAgr_f_tot,2,multihaz_agr,D,999,1,999,999
92,95.03583333333334,74.31,110.69333333333334,DamAgr_d_tot,2,multihaz_agr,D,999,1,999,999
93,111.8575,51.73166666666666,147.41666666666666,invest_f_a,2,multihaz_agr,D,999,1,999,999
94,29.004166666666666,20.011666666666667,33.71083333333333,invest_d_a,2,multihaz_agr,D,999,1,999,999
95,849.3766666666669,820.9516666666667,868.0116666666668,revenue_agr,2,multihaz_agr,D,999,1,999,999
96,3.5083333333333333,2.75,4.0,pathways_list_d_a,2,multihaz_agr,D,999,1,999,999
97,1.4583333333333333,0.9166666666666666,1.75,pathways_list_f_a,2,multihaz_agr,D,999,1,999,999
98,151.29333333333335,78.2275,198.22,DamAgr_f_tot,2,multihaz_agr,D,999,6,999,999
99,51.93,38.089999999999996,61.798333333333325,DamAgr_d_tot,2,multihaz_agr,D,999,6,999,999
100,111.63416666666667,51.731666666666676,147.41666666666666,invest_f_a,2,multihaz_agr,D,999,6,999,999
101,34.61000000000001,30.339999999999993,36.279999999999994,invest_d_a,2,multihaz_agr,D,999,6,999,999
102,892.4866666666667,870.9533333333333,907.0416666666666,revenue_agr,2,multihaz_agr,D,999,6,999,999
103,3.0,3.0,3.0,pathways_list_d_a,2,multihaz_agr,D,999,6,999,999
104,1.45,0.9166666666666666,1.6666666666666667,pathways_list_f_a,2,multihaz_agr,D,999,6,999,999
105,151.52666666666667,78.235,198.835,DamAgr_f_tot,2,multihaz_agr,D,999,7,999,999
106,33.578333333333326,25.16416666666667,35.873333333333335,DamAgr_d_tot,2,multihaz_agr,D,999,7,999,999
107,111.63416666666667,51.73166666666666,147.41666666666666,invest_f_a,2,multihaz_agr,D,999,7,999,999
108,19.099999999999998,16.62,18.44,invest_d_a,2,multihaz_agr,D,999,7,999,999
109,910.4758333333333,889.3891666666668,924.5508333333332,revenue_agr,2,multihaz_agr,D,999,7,999,999
110,1.0999999999999999,1.0,1.0,pathways_list_d_a,2,multihaz_agr,D,999,7,999,999
111,1.4500000000000002,0.9166666666666666,1.6666666666666667,pathways_list_f_a,2,multihaz_agr,D,999,7,999,999
112,151.995,78.23750000000001,198.8683333333333,DamAgr_f_tot,2,multihaz_agr,D,999,8,999,999
113,37.9125,30.381666666666664,40.858333333333334,DamAgr_d_tot,2,multihaz_agr,D,999,8,999,999
114,111.63416666666667,51.73166666666666,147.41666666666666,invest_f_a,2,multihaz_agr,D,999,8,999,999
115,17.859999999999996,16.62,18.44,invest_d_a,2,multihaz_agr,D,999,8,999,999
116,906.295,870.2016666666665,923.1325,revenue_agr,2,multihaz_agr,D,999,8,999,999
117,1.0999999999999999,1.0,1.0,pathways_list_d_a,2,multihaz_agr,D,999,8,999,999
118,1.4500000000000002,0.9166666666666666,1.6666666666666667,pathways_list_f_a,2,multihaz_agr,D,999,8,999,999
119,151.33416666666668,78.23166666666667,198.24083333333337,DamAgr_f_tot,2,multihaz_agr,D,999,5,999,999
120,37.96666666666667,26.584166666666665,48.017500000000005,DamAgr_d_tot,2,multihaz_agr,D,999,5,999,999
121,111.63416666666667,51.73166666666666,147.41666666666666,invest_f_a,2,multihaz_agr,D,999,5,999,999
122,30.769999999999996,26.329999999999995,32.81,invest_d_a,2,multihaz_agr,D,999,5,999,999
123,906.2558333333333,886.1916666666667,919.9516666666665,revenue_agr,2,multihaz_agr,D,999,5,999,999
124,2.0,2.0,2.0,pathways_list_d_a,2,multihaz_agr,D,999,5,999,999
125,1.45,0.9166666666666666,1.6666666666666667,pathways_list_f_a,2,multihaz_agr,D,999,5,999,999
126,149.56083333333336,80.65249999999999,198.17333333333332,DamAgr_f_tot,2,multihaz_agr,D,999,2,999,999
127,111.57833333333332,91.82083333333333,123.95333333333332,DamAgr_d_tot,2,multihaz_agr,D,999,2,999,999
128,111.8575,51.73166666666666,147.41666666666666,invest_f_a,2,multihaz_agr,D,999,2,999,999
129,22.739166666666662,20.014166666666668,25.160833333333333,invest_d_a,2,multihaz_agr,D,999,2,999,999
130,833.1674999999999,804.1491666666667,851.5891666666666,revenue_agr,2,multihaz_agr,D,999,2,999,999
131,3.8666666666666667,3.6666666666666665,4.0,pathways_list_d_a,2,multihaz_agr,D,999,2,999,999
132,1.458333333333333,0.9166666666666666,1.75,pathways_list_f_a,2,multihaz_agr,D,999,2,999,999
133,150.72166666666666,77.96000000000001,197.72416666666663,DamAgr_f_tot,2,multihaz_agr,D,999,0,999,999
134,172.37249999999997,146.29083333333332,189.03499999999997,DamAgr_d_tot,2,multihaz_agr,D,999,0,999,999
135,111.63416666666667,51.73166666666666,147.41666666666666,invest_f_a,2,multihaz_agr,D,999,0,999,999
136,0.0,0.0,0.0,invest_d_a,2,multihaz_agr,D,999,0,999,999
137,773.2508333333332,740.0566666666665,803.1425,revenue_agr,2,multihaz_agr,D,999,0,999,999
138,0.0,0.0,0.0,pathways_list_d_a,2,multihaz_agr,D,999,0,999,999
139,1.4500000000000002,0.9166666666666666,1.6666666666666667,pathways_list_f_a,2,multihaz_agr,D,999,0,999,999
140,150.00250000000003,78.23833333333333,197.9325,DamAgr_f_tot,2,multihaz_agr,D,999,4,999,999
141,68.65083333333334,51.26583333333334,76.40999999999998,DamAgr_d_tot,2,multihaz_agr,D,999,4,999,999
142,111.63416666666667,51.73166666666666,147.41666666666666,invest_f_a,2,multihaz_agr,D,999,4,999,999
143,26.987499999999997,21.19,36.15333333333333,invest_d_a,2,multihaz_agr,D,999,4,999,999
144,875.9666666666668,853.1158333333334,889.7583333333333,revenue_agr,2,multihaz_agr,D,999,4,999,999
145,3.3083333333333336,3.0,4.0,pathways_list_d_a,2,multihaz_agr,D,999,4,999,999
146,1.4500000000000002,0.9166666666666666,1.6666666666666667,pathways_list_f_a,2,multihaz_agr,D,999,4,999,999
147,149.18583333333333,78.22666666666667,196.27583333333334,DamAgr_f_tot,2,multihaz_agr,D,999,10,999,999
148,32.211666666666666,19.979999999999997,40.68,DamAgr_d_tot,2,multihaz_agr,D,999,10,999,999
149,111.63416666666666,51.73166666666666,147.41666666666666,invest_f_a,2,multihaz_agr,D,999,10,999,999
150,20.301666666666666,15.81,21.95,invest_d_a,2,multihaz_agr,D,999,10,999,999
151,912.1316666666668,892.335,926.5258333333335,revenue_agr,2,multihaz_agr,D,999,10,999,999
152,2.0,2.0,2.0,pathways_list_d_a,2,multihaz_agr,D,999,10,999,999
153,1.45,0.9166666666666666,1.6666666666666667,pathways_list_f_a,2,multihaz_agr,D,999,10,999,999
154,153.54333333333335,80.65166666666666,199.89083333333335,DamAgr_f_tot,2,multihaz_agr,D,999,3,999,999
155,95.78916666666667,72.46916666666667,112.93416666666666,DamAgr_d_tot,2,multihaz_agr,D,999,3,999,999
156,111.68416666666667,51.731666666666676,147.41666666666666,invest_f_a,2,multihaz_agr,D,999,3,999,999
157,30.009166666666662,20.903333333333336,36.883333333333326,invest_d_a,2,multihaz_agr,D,999,3,999,999
158,848.5533333333333,816.4458333333332,869.8966666666665,revenue_agr,2,multihaz_agr,D,999,3,999,999
159,3.608333333333333,3.0,4.0,pathways_list_d_a,2,multihaz_agr,D,999,3,999,999
160,1.4583333333333333,0.9166666666666666,1.75,pathways_list_f_a,2,multihaz_agr,D,999,3,999,999
161,182.43,119.10181818181817,229.3090909090909,DamAgr_f_tot,2,multihaz_agr,G,2,999,999,999
162,76.07727272727274,60.4409090909091,90.17,DamAgr_d_tot,2,multihaz_agr,G,2,999,999,999
163,115.34545454545456,112.98545454545456,116.7,invest_f_a,2,multihaz_agr,G,2,999,999,999
164,22.94727272727273,18.08090909090909,27.316363636363636,invest_d_a,2,multihaz_agr,G,2,999,999,999
165,874.6481818181818,837.8209090909091,894.5909090909091,revenue_agr,2,multihaz_agr,G,2,999,999,999
166,2.4727272727272727,2.090909090909091,2.8181818181818183,pathways_list_d_a,2,multihaz_agr,G,2,999,999,999
167,2.1000000000000005,2.0,2.0,pathways_list_f_a,2,multihaz_agr,G,2,999,999,999
168,182.8581818181818,121.73909090909092,219.37727272727273,DamAgr_f_tot,2,multihaz_agr,G,10,999,999,999
169,85.09454545454547,72.15363636363637,97.27272727272727,DamAgr_d_tot,2,multihaz_agr,G,10,999,999,999
170,334.3581818181818,175.92363636363638,412.04,invest_f_a,2,multihaz_agr,G,10,999,999,999
171,26.070000000000004,23.096363636363638,30.75363636363636,invest_d_a,2,multihaz_agr,G,10,999,999,999
172,868.9736363636365,839.1599999999999,883.4936363636363,revenue_agr,2,multihaz_agr,G,10,999,999,999
173,2.645454545454545,2.5454545454545454,3.0,pathways_list_d_a,2,multihaz_agr,G,10,999,999,999
174,2.1000000000000005,2.0,2.0,pathways_list_f_a,2,multihaz_agr,G,10,999,999,999
175,94.86,31.559090909090912,149.79363636363635,DamAgr_f_tot,2,multihaz_agr,G,5,999,999,999
176,84.92181818181818,72.12,96.87727272727274,DamAgr_d_tot,2,multihaz_agr,G,5,999,999,999
177,146.85454545454544,112.0,254.0,invest_f_a,2,multihaz_agr,G,5,999,999,999
178,26.19545454545454,23.096363636363638,30.871818181818185,invest_d_a,2,multihaz_agr,G,5,999,999,999
179,877.3527272727274,851.1345454545454,889.5454545454545,revenue_agr,2,multihaz_agr,G,5,999,999,999
180,2.6545454545454548,2.5454545454545454,3.0,pathways_list_d_a,2,multihaz_agr,G,5,999,999,999
181,1.2454545454545456,1.0,2.0,pathways_list_f_a,2,multihaz_agr,G,5,999,999,999
182,287.39272727272726,181.84545454545454,349.2481818181818,DamAgr_f_tot,2,multihaz_agr,G,11,999,999,999
183,76.08363636363634,60.407272727272726,90.15272727272728,DamAgr_d_tot,2,multihaz_agr,G,11,999,999,999
184,190.5063636363636,31.30909090909091,396.98999999999995,invest_f_a,2,multihaz_agr,G,11,999,999,999
185,22.94727272727273,18.080909090909092,27.316363636363636,invest_d_a,2,multihaz_agr,G,11,999,999,999
186,855.7718181818182,813.9836363636365,887.0336363636364,revenue_agr,2,multihaz_agr,G,11,999,999,999
187,2.472727272727273,2.090909090909091,2.8181818181818183,pathways_list_d_a,2,multihaz_agr,G,11,999,999,999
188,2.7818181818181817,2.0,4.0,pathways_list_f_a,2,multihaz_agr,G,11,999,999,999
189,284.77636363636367,180.99636363636364,349.7636363636364,DamAgr_f_tot,2,multihaz_agr,G,9,999,999,999
190,81.8190909090909,61.897272727272714,96.6909090909091,DamAgr_d_tot,2,multihaz_agr,G,9,999,999,999
191,243.45090909090905,64.14818181818181,399.04,invest_f_a,2,multihaz_agr,G,9,999,999,999
192,25.426363636363632,21.053636363636368,29.817272727272723,invest_d_a,2,multihaz_agr,G,9,999,999,999
193,828.8972727272726,796.5790909090908,846.9890909090907,revenue_agr,2,multihaz_agr,G,9,999,999,999
194,2.6363636363636362,2.3636363636363638,3.0,pathways_list_d_a,2,multihaz_agr,G,9,999,999,999
195,2.7454545454545456,2.0,4.0,pathways_list_f_a,2,multihaz_agr,G,9,999,999,999
196,256.20272727272726,175.5563636363636,332.85181818181815,DamAgr_f_tot,2,multihaz_agr,G,3,999,999,999
197,78.85272727272728,60.88,91.29909090909092,DamAgr_d_tot,2,multihaz_agr,G,3,999,999,999
198,55.48272727272727,0.8854545454545456,116.74,invest_f_a,2,multihaz_agr,G,3,999,999,999
199,23.979090909090907,18.44818181818182,28.735454545454544,invest_d_a,2,multihaz_agr,G,3,999,999,999
200,819.9872727272726,787.7263636363637,843.6581818181818,revenue_agr,2,multihaz_agr,G,3,999,999,999
201,2.518181818181818,2.090909090909091,2.909090909090909,pathways_list_d_a,2,multihaz_agr,G,3,999,999,999
202,2.3636363636363633,1.0,3.0,pathways_list_f_a,2,multihaz_agr,G,3,999,999,999
203,198.6890909090909,113.39454545454547,283.2409090909091,DamAgr_f_tot,2,multihaz_agr,G,4,999,999,999
204,83.70363636363636,62.24,97.28363636363635,DamAgr_d_tot,2,multihaz_agr,G,4,999,999,999
205,102.44181818181819,1.6699999999999997,115.1718181818182,invest_f_a,2,multihaz_agr,G,4,999,999,999
206,25.906363636363633,22.87,30.59454545454545,invest_d_a,2,multihaz_agr,G,4,999,999,999
207,820.7545454545456,786.9036363636362,843.9790909090909,revenue_agr,2,multihaz_agr,G,4,999,999,999
208,2.6454545454545455,2.5454545454545454,3.0,pathways_list_d_a,2,multihaz_agr,G,4,999,999,999
209,2.0818181818181825,1.0,2.8181818181818183,pathways_list_f_a,2,multihaz_agr,G,4,999,999,999
210,261.14909090909094,177.22727272727272,341.4127272727273,DamAgr_f_tot,2,multihaz_agr,G,1,999,999,999
211,76.0190909090909,60.36272727272728,90.0909090909091,DamAgr_d_tot,2,multihaz_agr,G,1,999,999,999
212,68.24909090909092,1.21,117.97000000000001,invest_f_a,2,multihaz_agr,G,1,999,999,999
213,22.89181818181818,18.08090909090909,27.316363636363636,invest_d_a,2,multihaz_agr,G,1,999,999,999
214,836.9872727272727,790.9645454545455,857.080909090909,revenue_agr,2,multihaz_agr,G,1,999,999,999
215,2.463636363636364,2.090909090909091,2.8181818181818183,pathways_list_d_a,2,multihaz_agr,G,1,999,999,999
216,2.5454545454545454,2.0,3.0,pathways_list_f_a,2,multihaz_agr,G,1,999,999,999
217,89.82545454545453,31.559090909090912,145.1481818181818,DamAgr_f_tot,2,multihaz_agr,G,7,999,999,999
218,83.71181818181819,61.89636363636364,94.22272727272728,DamAgr_d_tot,2,multihaz_agr,G,7,999,999,999
219,142.28,142.0,142.0,invest_f_a,2,multihaz_agr,G,7,999,999,999
220,25.954545454545453,21.401818181818182,30.15727272727273,invest_d_a,2,multihaz_agr,G,7,999,999,999
221,879.06,852.8045454545455,890.7772727272727,revenue_agr,2,multihaz_agr,G,7,999,999,999
222,2.6363636363636362,2.3636363636363638,2.909090909090909,pathways_list_d_a,2,multihaz_agr,G,7,999,999,999
223,1.0999999999999999,1.0,1.0,pathways_list_f_a,2,multihaz_agr,G,7,999,999,999
224,314.4327272727273,185.57818181818183,380.5127272727273,DamAgr_f_tot,2,multihaz_agr,G,0,999,999,999
225,85.14,72.16272727272728,97.34727272727272,DamAgr_d_tot,2,multihaz_agr,G,0,999,999,999
226,0.0,0.0,0.0,invest_f_a,2,multihaz_agr,G,0,999,999,999
227,26.069999999999997,23.096363636363638,30.75363636363636,invest_d_a,2,multihaz_agr,G,0,999,999,999
228,856.2090909090908,830.3963636363637,873.699090909091,revenue_agr,2,multihaz_agr,G,0,999,999,999
229,2.645454545454545,2.5454545454545454,3.0,pathways_list_d_a,2,multihaz_agr,G,0,999,999,999
230,0.0,0.0,0.0,pathways_list_f_a,2,multihaz_agr,G,0,999,999,999
231,89.82545454545456,31.559090909090912,145.14818181818183,DamAgr_f_tot,2,multihaz_agr,G,8,999,999,999
232,84.89818181818181,72.07818181818183,96.85454545454544,DamAgr_d_tot,2,multihaz_agr,G,8,999,999,999
233,142.11000000000004,142.0,142.0,invest_f_a,2,multihaz_agr,G,8,999,999,999
234,26.19545454545455,23.096363636363638,30.871818181818185,invest_d_a,2,multihaz_agr,G,8,999,999,999
235,873.7972727272728,838.6736363636363,889.4918181818182,revenue_agr,2,multihaz_agr,G,8,999,999,999
236,2.6545454545454543,2.5454545454545454,3.0,pathways_list_d_a,2,multihaz_agr,G,8,999,999,999
237,1.0999999999999999,1.0,1.0,pathways_list_f_a,2,multihaz_agr,G,8,999,999,999
238,97.61545454545454,31.559090909090912,161.5118181818182,DamAgr_f_tot,2,multihaz_agr,G,6,999,999,999
239,82.45545454545454,61.45727272727272,94.30090909090909,DamAgr_d_tot,2,multihaz_agr,G,6,999,999,999
240,112.5409090909091,112.0,114.27,invest_f_a,2,multihaz_agr,G,6,999,999,999
241,25.717272727272725,21.200909090909093,30.157272727272723,invest_d_a,2,multihaz_agr,G,6,999,999,999
242,879.5299999999999,854.2372727272727,896.7809090909091,revenue_agr,2,multihaz_agr,G,6,999,999,999
243,2.6363636363636362,2.3636363636363638,2.909090909090909,pathways_list_d_a,2,multihaz_agr,G,6,999,999,999
244,1.2454545454545454,1.0,2.0,pathways_list_f_a,2,multihaz_agr,G,6,999,999,999
245,192.2841666666667,116.94666666666664,240.60750000000004,DamAgr_f_tot,2,multihaz_agr,G,999,9,999,999
246,95.375,68.24083333333333,110.75416666666666,DamAgr_d_tot,2,multihaz_agr,G,999,9,999,999
247,140.47916666666666,77.50083333333333,193.91833333333332,invest_f_a,2,multihaz_agr,G,999,9,999,999
248,31.986666666666665,27.962499999999995,35.438333333333325,invest_d_a,2,multihaz_agr,G,999,9,999,999
249,842.0075,807.5099999999999,866.5108333333334,revenue_agr,2,multihaz_agr,G,999,9,999,999
250,3.9166666666666665,3.6666666666666665,4.0,pathways_list_d_a,2,multihaz_agr,G,999,9,999,999
251,1.816666666666667,1.3333333333333333,2.25,pathways_list_f_a,2,multihaz_agr,G,999,9,999,999
252,192.51416666666668,116.9775,243.52833333333334,DamAgr_f_tot,2,multihaz_agr,G,999,1,999,999
253,101.03666666666668,77.89333333333333,116.21416666666669,DamAgr_d_tot,2,multihaz_agr,G,999,1,999,999
254,141.66583333333332,77.50083333333333,193.87333333333333,invest_f_a,2,multihaz_agr,G,999,1,999,999
255,30.99666666666667,23.004166666666666,36.1675,invest_d_a,2,multihaz_agr,G,999,1,999,999
256,836.5133333333333,808.2783333333332,855.4825,revenue_agr,2,multihaz_agr,G,999,1,999,999
257,3.6999999999999997,3.0833333333333335,4.0,pathways_list_d_a,2,multihaz_agr,G,999,1,999,999
258,1.8166666666666667,1.3333333333333333,2.1666666666666665,pathways_list_f_a,2,multihaz_agr,G,999,1,999,999
259,197.7891666666667,113.91000000000001,270.71166666666664,DamAgr_f_tot,2,multihaz_agr,G,999,6,999,999
260,54.0725,41.595000000000006,64.03583333333333,DamAgr_d_tot,2,multihaz_agr,G,999,6,999,999
261,135.22333333333333,72.32499999999999,193.91833333333338,invest_f_a,2,multihaz_agr,G,999,6,999,999
262,35.145,32.050000000000004,36.60999999999999,invest_d_a,2,multihaz_agr,G,999,6,999,999
263,883.2375000000001,851.6841666666668,897.5758333333332,revenue_agr,2,multihaz_agr,G,999,6,999,999
264,3.0250000000000004,3.0,3.0,pathways_list_d_a,2,multihaz_agr,G,999,6,999,999
265,1.7583333333333335,1.3333333333333333,2.25,pathways_list_f_a,2,multihaz_agr,G,999,6,999,999
266,198.12249999999997,114.69250000000001,270.7658333333333,DamAgr_f_tot,2,multihaz_agr,G,999,7,999,999
267,38.10583333333334,28.56333333333333,41.733333333333334,DamAgr_d_tot,2,multihaz_agr,G,999,7,999,999
268,135.22333333333336,72.325,193.91833333333332,invest_f_a,2,multihaz_agr,G,999,7,999,999
269,20.539999999999996,16.62,31.19,invest_d_a,2,multihaz_agr,G,999,7,999,999
270,898.8266666666667,872.2325,912.6783333333333,revenue_agr,2,multihaz_agr,G,999,7,999,999
271,1.1999999999999997,1.0,2.0,pathways_list_d_a,2,multihaz_agr,G,999,7,999,999
272,1.7583333333333335,1.3333333333333333,2.25,pathways_list_f_a,2,multihaz_agr,G,999,7,999,999
273,191.06166666666664,114.685,241.57416666666668,DamAgr_f_tot,2,multihaz_agr,G,999,8,999,999
274,47.5375,36.7925,73.42166666666667,DamAgr_d_tot,2,multihaz_agr,G,999,8,999,999
275,140.47666666666666,77.50083333333332,193.91833333333332,invest_f_a,2,multihaz_agr,G,999,8,999,999
276,21.075000000000003,16.62,31.57583333333334,invest_d_a,2,multihaz_agr,G,999,8,999,999
277,889.7208333333333,845.9658333333332,910.6325000000002,revenue_agr,2,multihaz_agr,G,999,8,999,999
278,1.5250000000000001,1.0,3.25,pathways_list_d_a,2,multihaz_agr,G,999,8,999,999
279,1.8083333333333338,1.3333333333333333,2.25,pathways_list_f_a,2,multihaz_agr,G,999,8,999,999
280,197.96666666666667,114.37583333333333,270.68916666666667,DamAgr_f_tot,2,multihaz_agr,G,999,5,999,999
281,39.248333333333335,30.62333333333333,47.01250000000001,DamAgr_d_tot,2,multihaz_agr,G,999,5,999,999
282,135.22333333333336,72.325,193.91833333333332,invest_f_a,2,multihaz_agr,G,999,5,999,999
283,31.360000000000003,29.430000000000003,32.81,invest_d_a,2,multihaz_agr,G,999,5,999,999
284,897.8033333333333,867.4516666666667,912.5241666666667,revenue_agr,2,multihaz_agr,G,999,5,999,999
285,2.0,2.0,2.0,pathways_list_d_a,2,multihaz_agr,G,999,5,999,999
286,1.7583333333333335,1.3333333333333333,2.25,pathways_list_f_a,2,multihaz_agr,G,999,5,999,999
287,191.5333333333333,116.89166666666667,241.44916666666668,DamAgr_f_tot,2,multihaz_agr,G,999,2,999,999
288,122.73166666666664,103.47666666666667,134.64166666666668,DamAgr_d_tot,2,multihaz_agr,G,999,2,999,999
289,141.37749999999997,77.50083333333333,193.87333333333333,invest_f_a,2,multihaz_agr,G,999,2,999,999
290,22.6425,19.6225,25.435833333333335,invest_d_a,2,multihaz_agr,G,999,2,999,999
291,815.21,783.4066666666666,834.9841666666666,revenue_agr,2,multihaz_agr,G,999,2,999,999
292,3.8249999999999997,3.6666666666666665,4.0,pathways_list_d_a,2,multihaz_agr,G,999,2,999,999
293,1.816666666666667,1.3333333333333333,2.1666666666666665,pathways_list_f_a,2,multihaz_agr,G,999,2,999,999
294,196.57333333333335,112.92583333333334,268.605,DamAgr_f_tot,2,multihaz_agr,G,999,0,999,999
295,197.72916666666666,177.55166666666665,213.92749999999998,DamAgr_d_tot,2,multihaz_agr,G,999,0,999,999
296,135.22333333333336,72.32499999999999,193.91833333333332,invest_f_a,2,multihaz_agr,G,999,0,999,999
297,0.0,0.0,0.0,invest_d_a,2,multihaz_agr,G,999,0,999,999
298,742.0916666666667,700.7683333333334,769.0041666666666,revenue_agr,2,multihaz_agr,G,999,0,999,999
299,0.0,0.0,0.0,pathways_list_d_a,2,multihaz_agr,G,999,0,999,999
300,1.7583333333333335,1.3333333333333333,2.25,pathways_list_f_a,2,multihaz_agr,G,999,0,999,999
301,196.84666666666666,113.80416666666666,270.74083333333334,DamAgr_f_tot,2,multihaz_agr,G,999,4,999,999
302,71.26166666666667,51.9675,83.17916666666666,DamAgr_d_tot,2,multihaz_agr,G,999,4,999,999
303,135.22333333333333,72.325,193.91833333333332,invest_f_a,2,multihaz_agr,G,999,4,999,999
304,29.091666666666665,21.98,37.08833333333333,invest_d_a,2,multihaz_agr,G,999,4,999,999
305,866.2624999999999,841.5883333333335,882.0291666666668,revenue_agr,2,multihaz_agr,G,999,4,999,999
306,3.4833333333333325,3.0,4.0,pathways_list_d_a,2,multihaz_agr,G,999,4,999,999
307,1.7583333333333337,1.3333333333333333,2.25,pathways_list_f_a,2,multihaz_agr,G,999,4,999,999
308,196.32583333333332,114.69749999999999,268.2833333333333,DamAgr_f_tot,2,multihaz_agr,G,999,10,999,999
309,29.81083333333334,20.651666666666667,38.620000000000005,DamAgr_d_tot,2,multihaz_agr,G,999,10,999,999
310,135.22333333333333,72.325,193.91833333333332,invest_f_a,2,multihaz_agr,G,999,10,999,999
311,20.849999999999998,19.44,21.95,invest_d_a,2,multihaz_agr,G,999,10,999,999
312,907.1700000000001,878.1525,921.65,revenue_agr,2,multihaz_agr,G,999,10,999,999
313,2.0,2.0,2.0,pathways_list_d_a,2,multihaz_agr,G,999,10,999,999
314,1.7583333333333337,1.3333333333333333,2.25,pathways_list_f_a,2,multihaz_agr,G,999,10,999,999
315,194.035,116.62916666666665,243.0866666666667,DamAgr_f_tot,2,multihaz_agr,G,999,3,999,999
316,100.30333333333333,75.89916666666666,114.6425,DamAgr_d_tot,2,multihaz_agr,G,999,3,999,999
317,140.47916666666666,77.50083333333333,193.9183333333333,invest_f_a,2,multihaz_agr,G,999,3,999,999
318,31.588333333333335,23.906666666666666,36.840833333333336,invest_d_a,2,multihaz_agr,G,999,3,999,999
319,837.1283333333332,799.9808333333334,859.2883333333333,revenue_agr,2,multihaz_agr,G,999,3,999,999
320,3.816666666666667,3.4166666666666665,4.0,pathways_list_d_a,2,multihaz_agr,G,999,3,999,999
321,1.8166666666666667,1.3333333333333333,2.25,pathways_list_f_a,2,multihaz_agr,G,999,3,999,999
322,190.78454545454545,106.21727272727271,250.75909090909087,DamAgr_f_tot,2,multihaz_agr,Wp,2,999,999,999
323,178.46,151.82181818181817,204.29454545454547,DamAgr_d_tot,2,multihaz_agr,Wp,2,999,999,999
324,115.7781818181818,114.69000000000001,116.7,invest_f_a,2,multihaz_agr,Wp,2,999,999,999
325,28.068181818181824,24.123636363636365,31.30545454545454,invest_d_a,2,multihaz_agr,Wp,2,999,999,999
326,768.3736363636363,711.0445454545454,799.4936363636364,revenue_agr,2,multihaz_agr,Wp,2,999,999,999
327,3.2636363636363637,3.0,3.3636363636363638,pathways_list_d_a,2,multihaz_agr,Wp,2,999,999,999
328,2.3000000000000003,2.0,3.0,pathways_list_f_a,2,multihaz_agr,Wp,2,999,999,999
329,184.98909090909095,107.47727272727273,252.01454545454547,DamAgr_f_tot,2,multihaz_agr,Wp,10,999,999,999
330,192.17818181818183,175.15090909090912,204.31454545454545,DamAgr_d_tot,2,multihaz_agr,Wp,10,999,999,999
331,384.29727272727274,297.80000000000007,412.92,invest_f_a,2,multihaz_agr,Wp,10,999,999,999
332,31.139090909090907,28.969999999999995,32.38545454545454,invest_d_a,2,multihaz_agr,Wp,10,999,999,999
333,762.989090909091,732.4209090909092,777.4427272727272,revenue_agr,2,multihaz_agr,Wp,10,999,999,999
334,3.3363636363636364,3.272727272727273,3.3636363636363638,pathways_list_d_a,2,multihaz_agr,Wp,10,999,999,999
335,2.3000000000000003,2.0,3.0,pathways_list_f_a,2,multihaz_agr,Wp,10,999,999,999
336,106.93636363636364,51.45727272727272,180.70818181818183,DamAgr_f_tot,2,multihaz_agr,Wp,5,999,999,999
337,192.23363636363635,175.05999999999997,204.2163636363636,DamAgr_d_tot,2,multihaz_agr,Wp,5,999,999,999
338,154.59999999999997,112.0,254.0,invest_f_a,2,multihaz_agr,Wp,5,999,999,999
339,31.141818181818177,28.970000000000002,32.38545454545454,invest_d_a,2,multihaz_agr,Wp,5,999,999,999
340,769.8927272727274,739.0581818181819,784.2672727272728,revenue_agr,2,multihaz_agr,Wp,5,999,999,999
341,3.3363636363636364,3.272727272727273,3.3636363636363638,pathways_list_d_a,2,multihaz_agr,Wp,5,999,999,999
342,1.3000000000000003,1.0,2.0,pathways_list_f_a,2,multihaz_agr,Wp,5,999,999,999
343,391.25363636363636,233.45454545454547,459.7218181818182,DamAgr_f_tot,2,multihaz_agr,Wp,11,999,999,999
344,178.39636363636362,151.5790909090909,203.97636363636366,DamAgr_d_tot,2,multihaz_agr,Wp,11,999,999,999
345,329.25636363636363,235.54090909090908,395.74818181818176,invest_f_a,2,multihaz_agr,Wp,11,999,999,999
346,28.066363636363636,24.124545454545455,31.30090909090909,invest_d_a,2,multihaz_agr,Wp,11,999,999,999
347,725.9954545454547,672.3845454545454,751.091818181818,revenue_agr,2,multihaz_agr,Wp,11,999,999,999
348,3.2545454545454544,2.909090909090909,3.3636363636363638,pathways_list_d_a,2,multihaz_agr,Wp,11,999,999,999
349,4.0,4.0,4.0,pathways_list_f_a,2,multihaz_agr,Wp,11,999,999,999
350,390.6027272727273,239.6290909090909,438.09999999999997,DamAgr_f_tot,2,multihaz_agr,Wp,9,999,999,999
351,178.39363636363635,157.53545454545454,197.0390909090909,DamAgr_d_tot,2,multihaz_agr,Wp,9,999,999,999
352,344.7463636363636,262.34999999999997,397.9945454545455,invest_f_a,2,multihaz_agr,Wp,9,999,999,999
353,29.63272727272727,27.242727272727276,30.89090909090909,invest_d_a,2,multihaz_agr,Wp,9,999,999,999
354,709.2518181818182,674.3736363636364,732.0890909090909,revenue_agr,2,multihaz_agr,Wp,9,999,999,999
355,3.3454545454545452,3.1818181818181817,3.3636363636363638,pathways_list_d_a,2,multihaz_agr,Wp,9,999,999,999
356,4.0,4.0,4.0,pathways_list_f_a,2,multihaz_agr,Wp,9,999,999,999
357,304.6354545454546,206.4690909090909,391.13909090909095,DamAgr_f_tot,2,multihaz_agr,Wp,3,999,999,999
358,172.9181818181818,152.8318181818182,195.03727272727275,DamAgr_d_tot,2,multihaz_agr,Wp,3,999,999,999
359,130.32181818181817,114.13363636363634,118.0,invest_f_a,2,multihaz_agr,Wp,3,999,999,999
360,28.10636363636364,24.05454545454546,30.701818181818183,invest_d_a,2,multihaz_agr,Wp,3,999,999,999
361,711.7799999999999,676.28,737.5127272727273,revenue_agr,2,multihaz_agr,Wp,3,999,999,999
362,3.2,2.8181818181818183,3.3636363636363638,pathways_list_d_a,2,multihaz_agr,Wp,3,999,999,999
363,3.1,3.0,3.0,pathways_list_f_a,2,multihaz_agr,Wp,3,999,999,999
364,199.4481818181818,117.99545454545455,253.13090909090906,DamAgr_f_tot,2,multihaz_agr,Wp,4,999,999,999
365,188.6381818181818,159.37181818181818,205.2709090909091,DamAgr_d_tot,2,multihaz_agr,Wp,4,999,999,999
366,113.82,113.03000000000002,114.42000000000002,invest_f_a,2,multihaz_agr,Wp,4,999,999,999
367,30.704545454545453,27.749999999999996,32.38545454545454,invest_d_a,2,multihaz_agr,Wp,4,999,999,999
368,705.1827272727273,675.1672727272727,729.3354545454546,revenue_agr,2,multihaz_agr,Wp,4,999,999,999
369,3.3363636363636364,3.1818181818181817,3.3636363636363638,pathways_list_d_a,2,multihaz_agr,Wp,4,999,999,999
370,2.2454545454545456,2.0,3.0,pathways_list_f_a,2,multihaz_agr,Wp,4,999,999,999
371,281.6963636363637,188.01090909090908,349.2672727272727,DamAgr_f_tot,2,multihaz_agr,Wp,1,999,999,999
372,178.14181818181817,151.41454545454545,203.6981818181818,DamAgr_d_tot,2,multihaz_agr,Wp,1,999,999,999
373,118.01818181818182,114.99,118.00272727272727,invest_f_a,2,multihaz_agr,Wp,1,999,999,999
374,28.066363636363636,24.124545454545455,31.300909090909087,invest_d_a,2,multihaz_agr,Wp,1,999,999,999
375,720.1590909090909,672.2427272727273,748.4081818181818,revenue_agr,2,multihaz_agr,Wp,1,999,999,999
376,3.254545454545455,2.909090909090909,3.3636363636363638,pathways_list_d_a,2,multihaz_agr,Wp,1,999,999,999
377,3.0090909090909093,3.0,3.0,pathways_list_f_a,2,multihaz_agr,Wp,1,999,999,999
378,96.92545454545456,51.45727272727272,128.22272727272727,DamAgr_f_tot,2,multihaz_agr,Wp,7,999,999,999
379,189.87727272727273,153.54,206.87363636363634,DamAgr_d_tot,2,multihaz_agr,Wp,7,999,999,999
380,142.38636363636368,142.0,143.01363636363635,invest_f_a,2,multihaz_agr,Wp,7,999,999,999
381,30.85545454545455,28.30909090909091,32.335454545454546,invest_d_a,2,multihaz_agr,Wp,7,999,999,999
382,773.2254545454545,746.1181818181817,788.1345454545454,revenue_agr,2,multihaz_agr,Wp,7,999,999,999
383,3.3454545454545457,3.272727272727273,3.3636363636363638,pathways_list_d_a,2,multihaz_agr,Wp,7,999,999,999
384,1.1999999999999997,1.0,2.0,pathways_list_f_a,2,multihaz_agr,Wp,7,999,999,999
385,582.3109090909091,432.5745454545455,766.8063636363636,DamAgr_f_tot,2,multihaz_agr,Wp,0,999,999,999
386,192.43454545454549,175.08454545454543,204.80727272727273,DamAgr_d_tot,2,multihaz_agr,Wp,0,999,999,999
387,0.0,0.0,0.0,invest_f_a,2,multihaz_agr,Wp,0,999,999,999
388,31.140909090909087,28.970000000000002,32.39545454545454,invest_d_a,2,multihaz_agr,Wp,0,999,999,999
389,727.3445454545455,696.4618181818182,745.9718181818182,revenue_agr,2,multihaz_agr,Wp,0,999,999,999
390,3.3363636363636364,3.272727272727273,3.3636363636363638,pathways_list_d_a,2,multihaz_agr,Wp,0,999,999,999
391,0.0,0.0,0.0,pathways_list_f_a,2,multihaz_agr,Wp,0,999,999,999
392,96.90727272727273,51.45727272727272,128.2227272727273,DamAgr_f_tot,2,multihaz_agr,Wp,8,999,999,999
393,192.12727272727273,174.77363636363637,204.16818181818186,DamAgr_d_tot,2,multihaz_agr,Wp,8,999,999,999
394,142.15909090909093,142.0,142.43545454545452,invest_f_a,2,multihaz_agr,Wp,8,999,999,999
395,31.141818181818177,28.970000000000002,32.38545454545454,invest_d_a,2,multihaz_agr,Wp,8,999,999,999
396,764.3427272727273,729.7663636363636,782.8345454545453,revenue_agr,2,multihaz_agr,Wp,8,999,999,999
397,3.3363636363636364,3.272727272727273,3.3636363636363638,pathways_list_d_a,2,multihaz_agr,Wp,8,999,999,999
398,1.1999999999999997,1.0,2.0,pathways_list_f_a,2,multihaz_agr,Wp,8,999,999,999
399,110.32727272727274,51.45727272727272,180.70818181818183,DamAgr_f_tot,2,multihaz_agr,Wp,6,999,999,999
400,188.10727272727274,153.3981818181818,206.4781818181818,DamAgr_d_tot,2,multihaz_agr,Wp,6,999,999,999
401,112.62454545454544,112.0,114.48181818181818,invest_f_a,2,multihaz_agr,Wp,6,999,999,999
402,30.719090909090905,28.3090909090909,32.32454545454546,invest_d_a,2,multihaz_agr,Wp,6,999,999,999
403,772.6863636363636,741.7963636363637,792.4790909090909,revenue_agr,2,multihaz_agr,Wp,6,999,999,999
404,3.3454545454545457,3.272727272727273,3.3636363636363638,pathways_list_d_a,2,multihaz_agr,Wp,6,999,999,999
405,1.3545454545454547,1.0,2.0,pathways_list_f_a,2,multihaz_agr,Wp,6,999,999,999
406,242.1833333333333,150.04333333333332,310.3991666666667,DamAgr_f_tot,2,multihaz_agr,Wp,999,9,999,999
407,164.27666666666667,124.37333333333335,198.83333333333334,DamAgr_d_tot,2,multihaz_agr,Wp,999,9,999,999
408,174.22333333333336,147.95,194.15750000000003,invest_f_a,2,multihaz_agr,Wp,999,9,999,999
409,33.185833333333335,29.4525,35.86249999999999,invest_d_a,2,multihaz_agr,Wp,999,9,999,999
410,762.9708333333333,707.6725,790.9708333333333,revenue_agr,2,multihaz_agr,Wp,999,9,999,999
411,3.9500000000000006,3.6666666666666665,4.0,pathways_list_d_a,2,multihaz_agr,Wp,999,9,999,999
412,2.1750000000000003,2.0,2.5833333333333335,pathways_list_f_a,2,multihaz_agr,Wp,999,9,999,999
413,244.37083333333337,150.56166666666664,312.7475,DamAgr_f_tot,2,multihaz_agr,Wp,999,1,999,999
414,199.64083333333335,170.21833333333333,216.7416666666667,DamAgr_d_tot,2,multihaz_agr,Wp,999,1,999,999
415,174.22583333333333,147.95000000000002,194.1575,invest_f_a,2,multihaz_agr,Wp,999,1,999,999
416,34.13083333333333,30.132500000000004,37.0725,invest_d_a,2,multihaz_agr,Wp,999,1,999,999
417,727.8866666666668,693.7075,747.3716666666666,revenue_agr,2,multihaz_agr,Wp,999,1,999,999
418,3.8333333333333335,3.6666666666666665,4.0,pathways_list_d_a,2,multihaz_agr,Wp,999,1,999,999
419,2.175,2.0,2.5833333333333335,pathways_list_f_a,2,multihaz_agr,Wp,999,1,999,999
420,246.41250000000002,158.29500000000004,315.9891666666667,DamAgr_f_tot,2,multihaz_agr,Wp,999,6,999,999
421,88.0425,61.13166666666666,109.33916666666669,DamAgr_d_tot,2,multihaz_agr,Wp,999,6,999,999
422,173.74750000000003,145.72583333333333,194.1266666666667,invest_f_a,2,multihaz_agr,Wp,999,6,999,999
423,38.204166666666666,35.977500000000006,40.57,invest_d_a,2,multihaz_agr,Wp,999,6,999,999
424,838.5058333333335,806.5949999999999,864.0233333333332,revenue_agr,2,multihaz_agr,Wp,999,6,999,999
425,4.0,4.0,4.0,pathways_list_d_a,2,multihaz_agr,Wp,999,6,999,999
426,2.158333333333333,2.0,2.5833333333333335,pathways_list_f_a,2,multihaz_agr,Wp,999,6,999,999
427,244.90916666666666,151.8183333333333,316.795,DamAgr_f_tot,2,multihaz_agr,Wp,999,7,999,999
428,73.29416666666667,62.87416666666666,82.85416666666667,DamAgr_d_tot,2,multihaz_agr,Wp,999,7,999,999
429,173.74750000000003,145.72583333333333,194.12666666666667,invest_f_a,2,multihaz_agr,Wp,999,7,999,999
430,31.689999999999994,28.35333333333334,33.864999999999995,invest_d_a,2,multihaz_agr,Wp,999,7,999,999
431,852.415,827.8458333333333,866.0625,revenue_agr,2,multihaz_agr,Wp,999,7,999,999
432,3.0,3.0,3.0,pathways_list_d_a,2,multihaz_agr,Wp,999,7,999,999
433,2.158333333333333,2.0,2.5833333333333335,pathways_list_f_a,2,multihaz_agr,Wp,999,7,999,999
434,243.86750000000004,149.2408333333333,312.59916666666663,DamAgr_f_tot,2,multihaz_agr,Wp,999,8,999,999
435,158.5425,125.33333333333333,182.53083333333336,DamAgr_d_tot,2,multihaz_agr,Wp,999,8,999,999
436,174.21833333333333,147.95000000000002,194.15750000000003,invest_f_a,2,multihaz_agr,Wp,999,8,999,999
437,36.52499999999999,30.155833333333334,40.637499999999996,invest_d_a,2,multihaz_agr,Wp,999,8,999,999
438,767.4991666666666,724.4975,793.4591666666666,revenue_agr,2,multihaz_agr,Wp,999,8,999,999
439,3.9583333333333335,3.75,4.0,pathways_list_d_a,2,multihaz_agr,Wp,999,8,999,999
440,2.175,2.0,2.5833333333333335,pathways_list_f_a,2,multihaz_agr,Wp,999,8,999,999
441,244.91416666666672,151.78583333333333,316.9516666666667,DamAgr_f_tot,2,multihaz_agr,Wp,999,5,999,999
442,108.56666666666666,86.29083333333334,123.3975,DamAgr_d_tot,2,multihaz_agr,Wp,999,5,999,999
443,173.74749999999997,145.72583333333333,194.1266666666667,invest_f_a,2,multihaz_agr,Wp,999,5,999,999
444,37.74083333333333,35.59,38.63333333333333,invest_d_a,2,multihaz_agr,Wp,999,5,999,999
445,817.8916666666668,780.8841666666666,838.3825,revenue_agr,2,multihaz_agr,Wp,999,5,999,999
446,3.758333333333334,3.0833333333333335,4.0,pathways_list_d_a,2,multihaz_agr,Wp,999,5,999,999
447,2.1583333333333337,2.0,2.5833333333333335,pathways_list_f_a,2,multihaz_agr,Wp,999,5,999,999
448,242.92666666666665,149.99916666666667,310.6675,DamAgr_f_tot,2,multihaz_agr,Wp,999,2,999,999
449,341.76833333333326,325.7183333333333,348.5416666666667,DamAgr_d_tot,2,multihaz_agr,Wp,999,2,999,999
450,174.22333333333333,147.95,194.1575,invest_f_a,2,multihaz_agr,Wp,999,2,999,999
451,23.1775,20.419999999999998,25.743333333333336,invest_d_a,2,multihaz_agr,Wp,999,2,999,999
452,587.4741666666665,557.4458333333333,603.4200000000001,revenue_agr,2,multihaz_agr,Wp,999,2,999,999
453,3.8333333333333335,3.6666666666666665,4.0,pathways_list_d_a,2,multihaz_agr,Wp,999,2,999,999
454,2.1750000000000003,2.0,2.5833333333333335,pathways_list_f_a,2,multihaz_agr,Wp,999,2,999,999
455,248.7641666666667,159.69666666666666,326.43416666666667,DamAgr_f_tot,2,multihaz_agr,Wp,999,0,999,999
456,562.8225000000001,541.3325000000001,581.5116666666667,DamAgr_d_tot,2,multihaz_agr,Wp,999,0,999,999
457,174.15333333333334,145.4441666666667,192.3191666666667,invest_f_a,2,multihaz_agr,Wp,999,0,999,999
458,0.0,0.0,0.0,invest_d_a,2,multihaz_agr,Wp,999,0,999,999
459,373.4183333333333,331.44,397.3958333333333,revenue_agr,2,multihaz_agr,Wp,999,0,999,999
460,0.0,0.0,0.0,pathways_list_d_a,2,multihaz_agr,Wp,999,0,999,999
461,2.175,2.0,2.5833333333333335,pathways_list_f_a,2,multihaz_agr,Wp,999,0,999,999
462,245.27666666666664,156.6475,314.55583333333334,DamAgr_f_tot,2,multihaz_agr,Wp,999,4,999,999
463,87.21416666666666,68.44999999999999,103.89666666666666,DamAgr_d_tot,2,multihaz_agr,Wp,999,4,999,999
464,173.74750000000003,145.72583333333333,194.12666666666667,invest_f_a,2,multihaz_agr,Wp,999,4,999,999
465,37.69,35.69,38.59000000000001,invest_d_a,2,multihaz_agr,Wp,999,4,999,999
466,839.5283333333333,807.5558333333333,859.9966666666666,revenue_agr,2,multihaz_agr,Wp,999,4,999,999
467,4.0,4.0,4.0,pathways_list_d_a,2,multihaz_agr,Wp,999,4,999,999
468,2.158333333333333,2.0,2.5833333333333335,pathways_list_f_a,2,multihaz_agr,Wp,999,4,999,999
469,244.93749999999997,156.0025,315.0158333333333,DamAgr_f_tot,2,multihaz_agr,Wp,999,10,999,999
470,52.6225,37.675000000000004,59.67416666666668,DamAgr_d_tot,2,multihaz_agr,Wp,999,10,999,999
471,173.74750000000003,145.72583333333333,194.12666666666667,invest_f_a,2,multihaz_agr,Wp,999,10,999,999
472,21.98,20.22,22.139999999999997,invest_d_a,2,multihaz_agr,Wp,999,10,999,999
473,873.3816666666665,846.0749999999999,891.6508333333333,revenue_agr,2,multihaz_agr,Wp,999,10,999,999
474,2.1000000000000005,2.0,2.0,pathways_list_d_a,2,multihaz_agr,Wp,999,10,999,999
475,2.158333333333333,2.0,2.5833333333333335,pathways_list_f_a,2,multihaz_agr,Wp,999,10,999,999
476,243.51999999999998,150.4283333333333,311.74583333333334,DamAgr_f_tot,2,multihaz_agr,Wp,999,3,999,999
477,199.95666666666662,167.20083333333332,229.50583333333336,DamAgr_d_tot,2,multihaz_agr,Wp,999,3,999,999
478,174.2258333333333,147.95,194.1575,invest_f_a,2,multihaz_agr,Wp,999,3,999,999
479,34.56000000000001,30.933333333333326,37.14166666666667,invest_d_a,2,multihaz_agr,Wp,999,3,999,999
480,727.6500000000001,677.8024999999999,752.2391666666667,revenue_agr,2,multihaz_agr,Wp,999,3,999,999
481,3.9499999999999997,3.6666666666666665,4.0,pathways_list_d_a,2,multihaz_agr,Wp,999,3,999,999
482,2.1750000000000003,2.0,2.5833333333333335,pathways_list_f_a,2,multihaz_agr,Wp,999,3,999,999
